{
    "Crack Growth Tests": [
        {
            "DeltaK": [
                21.3228556008814,
                23.6078196447078,
                26.6668853838647,
                28.7369141091557,
                30.1393959020432,
                31.1597858342884,
                32.4858402436173,
                33.9945844947495,
                34.8067418719516,
                35.5795544632785,
                36.400962129844,
                37.5790248487859,
                39.0511121977307,
                40.5191826587016,
                42.2046861932417,
                44.2168886293485,
                46.8063818795525,
                49.866093718079,
                53.6687368945416,
                58.5588934742452
            ],
            "R": 0.9,
            "dadN": [
                1.92e-07,
                2.43e-07,
                3.11e-07,
                3.51e-07,
                4.07e-07,
                4.55e-07,
                4.76e-07,
                4.9e-07,
                5.03e-07,
                5.61e-07,
                6.11e-07,
                6.79e-07,
                7.36e-07,
                8e-07,
                8.82e-07,
                9.5e-07,
                1.03e-06,
                1.17e-06,
                1.37e-06,
                1.64e-06
            ],
            "marker": {
                "color": {
                    "blue": 0,
                    "green": 0,
                    "red": 0
                },
                "line width": 1.5,
                "shape": "Circle",
                "size": 9
            },
            "name": "45-5-HIP"
        },
        {
            "DeltaK": [
                15.6534530083548,
                17.209315622313,
                18.9216430724264,
                21.8002541972891,
                22.7980986608469,
                24.048765991272,
                25.6126272692547,
                27.5743493937576,
                28.9474358490385,
                29.9922829897787,
                30.949048101651,
                31.9297054866929,
                33.0997443761229,
                34.6205051052252,
                36.3387853782757,
                37.297277825745,
                38.2942268160408,
                39.2703797656867,
                40.447041337271,
                42.0265128126695,
                44.1772309656453,
                46.9994848639283,
                50.6038115217319,
                54.4260334947036,
                58.6112803428406,
                63.5801162092689
            ],
            "R": 0.9,
            "dadN": [
                9.08e-08,
                1.12e-07,
                1.35e-07,
                1.7e-07,
                2.1e-07,
                2.52e-07,
                3.02e-07,
                3.47e-07,
                3.64e-07,
                3.68e-07,
                3.86e-07,
                4.18e-07,
                4.6e-07,
                5.11e-07,
                5.32e-07,
                5.63e-07,
                5.85e-07,
                6.25e-07,
                7.43e-07,
                8.89e-07,
                1.04e-06,
                1.13e-06,
                1.2e-06,
                1.28e-06,
                1.41e-06,
                1.82e-06
            ],
            "marker": {
                "color": {
                    "blue": 41,
                    "green": 41,
                    "red": 239
                },
                "line width": 1.5,
                "shape": "Disc",
                "size": 9
            },
            "name": "45-6-HIP"
        },
        {
            "DeltaK": [
                16.764904030072,
                18.1408939496542,
                19.7339390115019,
                20.5102707574404,
                21.560349112778,
                22.9331065369065,
                24.2091344140981,
                25.752920512137,
                27.6402408760927,
                29.9803664025009,
                31.6803298915063,
                32.2908675033896,
                32.8656480540209,
                34.3480316384243,
                35.1255798465976,
                36.0982401466322,
                37.2313810018603,
                38.4578967636929,
                39.6711351130945,
                40.9700980750033,
                42.5284672913692,
                44.1364826416014,
                46.0878439386998,
                48.5655322941348,
                51.4940792010471,
                55.2478650124105,
                59.3592073367636
            ],
            "R": 0.9,
            "dadN": [
                1e-07,
                1.25e-07,
                1.56e-07,
                1.82e-07,
                2.06e-07,
                2.43e-07,
                2.73e-07,
                3.04e-07,
                3.59e-07,
                4.16e-07,
                4.31e-07,
                4.47e-07,
                4.68e-07,
                5.47e-07,
                5.69e-07,
                6.08e-07,
                6.61e-07,
                6.61e-07,
                6.82e-07,
                7.04e-07,
                7.46e-07,
                8.11e-07,
                8.89e-07,
                1e-06,
                1.1e-06,
                1.23e-06,
                1.53e-06
            ],
            "marker": {
                "color": {
                    "blue": 62,
                    "green": 175,
                    "red": 252
                },
                "line width": 1.5,
                "shape": "Square",
                "size": 9
            },
            "name": "45-8-HIP"
        }
    ]
}
