{
    "Crack Growth Tests": [
        {
            "DeltaK": [
                18.0700474248714,
                18.9893356651149,
                19.6780694453176,
                20.8726621117456,
                22.3122254122929,
                23.7433906962393,
                25.29100111745,
                26.7757847070609,
                28.5340808374885,
                29.0047962110732,
                29.577360890336,
                30.1327254612081,
                30.7828256092137,
                31.4626691823085,
                32.1080482706559,
                32.7165836907446,
                33.2778722706764,
                33.9160119258843,
                34.9019425236804,
                36.1142003489172,
                37.5420989482778,
                39.0746027700927,
                40.5990079704624,
                42.1165070961632,
                44.0318082996822,
                46.2998477912876,
                49.0177873081843,
                52.6794587863234,
                57.9296694106516,
                63.6373658827927
            ],
            "R": 0.9,
            "dadN": [
                1.17e-07,
                1.34e-07,
                1.69e-07,
                1.91e-07,
                2.06e-07,
                2.26e-07,
                2.4e-07,
                2.57e-07,
                3.43e-07,
                3.83e-07,
                3.93e-07,
                4.14e-07,
                4.18e-07,
                4.21e-07,
                4.11e-07,
                3.96e-07,
                4.36e-07,
                5.14e-07,
                5.96e-07,
                6.61e-07,
                7.07e-07,
                7.36e-07,
                7.21e-07,
                7.54e-07,
                8.25e-07,
                9.11e-07,
                1.06e-06,
                1.24e-06,
                1.45e-06,
                2.04e-06
            ],
            "marker": {
                "color": {
                    "blue": 0,
                    "green": 0,
                    "red": 0
                },
                "line width": 1.5,
                "shape": "Circle",
                "size": 9
            },
            "name": "60-6-HIP"
        },
        {
            "DeltaK": [
                17.0838226689621,
                17.7273951653897,
                18.3602909426675,
                19.3094593690847,
                20.4061158699265,
                21.6034167716946,
                22.7918938133438,
                24.0591728178308,
                25.5767597171202,
                27.3997994319258,
                29.7226894654912,
                30.2503801218569,
                30.8358614023161,
                31.4836812824936,
                32.0978885505463,
                32.7141315001302,
                33.3396807071444,
                33.9899245711994,
                34.7508140423306,
                35.7050504301788,
                36.6593250655995,
                37.7685693992503,
                38.9522833937605,
                40.5803712993918,
                42.7432152123165,
                45.3359886533113,
                47.9082125781412,
                50.1692268060986,
                52.588683325407,
                55.9743308698018,
                61.6293208909997
            ],
            "R": 0.9,
            "dadN": [
                1e-07,
                1.22e-07,
                1.39e-07,
                1.64e-07,
                1.86e-07,
                2.08e-07,
                2.26e-07,
                2.54e-07,
                2.89e-07,
                3.42e-07,
                4.09e-07,
                4.25e-07,
                4.38e-07,
                4.32e-07,
                4.46e-07,
                4.25e-07,
                4.43e-07,
                4.82e-07,
                5.21e-07,
                5.57e-07,
                5.93e-07,
                6.75e-07,
                7.79e-07,
                8.68e-07,
                9.36e-07,
                9.54e-07,
                9.25e-07,
                9.54e-07,
                1.06e-06,
                1.35e-06,
                1.71e-06
            ],
            "marker": {
                "color": {
                    "blue": 41,
                    "green": 41,
                    "red": 239
                },
                "line width": 1.5,
                "shape": "Disc",
                "size": 9
            },
            "name": "60-7-HIP"
        },
        {
            "DeltaK": [
                14.6000732835333,
                15.8952813378778,
                17.2670402848298,
                18.8311497884228,
                19.6756520834982,
                20.6840993731766,
                21.8246847187831,
                23.0111910388474,
                24.5593962075558,
                25.6811928680091,
                26.2339979296547,
                26.8309728140937,
                27.4615838951765,
                28.1650851937581,
                29.0034295816833,
                30.1078876949203,
                31.4360801169211,
                32.825283687618,
                34.2653926521324,
                35.7450119526492,
                37.3360793271815,
                38.2377667431893,
                40.6575422126228,
                42.1261848590087,
                43.8073771301884,
                46.1217571421147,
                49.0000607931756,
                51.9234908920186,
                55.2851499394161
            ],
            "R": 0.9,
            "dadN": [
                8.5e-08,
                1.02e-07,
                1.21e-07,
                1.45e-07,
                1.67e-07,
                1.84e-07,
                2.02e-07,
                2.18e-07,
                2.37e-07,
                2.46e-07,
                2.52e-07,
                2.73e-07,
                2.98e-07,
                3.3e-07,
                3.88e-07,
                4.36e-07,
                4.62e-07,
                4.68e-07,
                4.79e-07,
                4.94e-07,
                5.32e-07,
                5.82e-07,
                6.92e-07,
                7.66e-07,
                8.99e-07,
                9.86e-07,
                1.03e-06,
                1.15e-06,
                1.44e-06
            ],
            "marker": {
                "color": {
                    "blue": 62,
                    "green": 175,
                    "red": 252
                },
                "line width": 1.5,
                "shape": "Square",
                "size": 9
            },
            "name": "60-8-HIP"
        }
    ]
}
