{
    "Crack Growth Tests": [
        {
            "DeltaK": [
                21.9944733661665,
                23.2967671129557,
                24.3153650902376,
                25.5432034382582,
                27.5960919209227,
                29.1952561916463,
                30.5102236706029,
                31.1810552202065,
                31.8199558824352,
                32.3336361463161,
                33.0219968172571,
                33.8992565235756,
                34.7600527893957,
                35.6322064352182,
                36.635154799944,
                37.7692780621451,
                39.9660346366892,
                42.0843494306786,
                44.187344996688,
                48.780128895809,
                50.9785984285856,
                53.9437048500396,
                57.7871082651408
            ],
            "R": 0.9,
            "dadN": [
                1.89e-07,
                2.12e-07,
                2.42e-07,
                3.14e-07,
                4.3e-07,
                4.88e-07,
                4.71e-07,
                4.54e-07,
                4.7e-07,
                4.75e-07,
                5.18e-07,
                5.61e-07,
                5.82e-07,
                6.39e-07,
                7.14e-07,
                8.89e-07,
                9.11e-07,
                9.66e-07,
                9.78e-07,
                9.21e-07,
                1.07e-06,
                1.29e-06,
                1.94e-06
            ],
            "marker": {
                "color": {
                    "blue": 0,
                    "green": 0,
                    "red": 0
                },
                "line width": 1.5,
                "shape": "Circle",
                "size": 9
            },
            "name": "30-6-HIP"
        },
        {
            "DeltaK": [
                17.6868803586609,
                22.0869913180176,
                23.7879616739311,
                25.2573201848865,
                27.0147892302222,
                29.3812297267162,
                31.6993850970693,
                34.1595140822394,
                35.2047098273586,
                35.8798334794516,
                36.687141056862,
                37.8768234638551,
                39.2803936771069,
                40.8846039064711,
                42.6068747100852,
                44.3269903026454,
                45.9888842574213,
                48.0208939426528,
                50.9603182777395,
                55.2668652829157
            ],
            "R": 0.9,
            "dadN": [
                1.37e-07,
                1.7e-07,
                2.48e-07,
                2.86e-07,
                3.13e-07,
                3.41e-07,
                3.37e-07,
                3.7e-07,
                4.61e-07,
                5.34e-07,
                6.32e-07,
                7e-07,
                7.39e-07,
                7.64e-07,
                7.57e-07,
                7.82e-07,
                8.43e-07,
                1.08e-06,
                1.38e-06,
                1.88e-06
            ],
            "marker": {
                "color": {
                    "blue": 41,
                    "green": 41,
                    "red": 239
                },
                "line width": 1.5,
                "shape": "Disc",
                "size": 9
            },
            "name": "30-7-HIP"
        },
        {
            "DeltaK": [
                14.3395472623118,
                18.4639729984998,
                20.1710675501616,
                21.1298241688678,
                22.0716979047571,
                23.3609678532147,
                25.0342984818282,
                27.13332314301,
                28.2328972271002,
                29.8037793770402,
                30.8241403488309,
                31.9774643182538,
                33.6372300363186,
                34.7488630469411,
                35.5082927021727,
                36.2749026114547,
                37.1397578303577,
                38.2426915297038,
                39.5776375081378,
                41.1575384353612,
                43.0419924400484,
                45.2268928540168,
                47.5500526924457,
                50.2190458930536,
                53.7912293527447
            ],
            "R": 0.9,
            "dadN": [
                9.94e-08,
                1.13e-07,
                1.33e-07,
                1.55e-07,
                1.9e-07,
                2.3e-07,
                2.5e-07,
                2.71e-07,
                3.02e-07,
                3.6e-07,
                4.17e-07,
                4.72e-07,
                4.74e-07,
                4.68e-07,
                4.8e-07,
                5e-07,
                5.82e-07,
                6.54e-07,
                7.25e-07,
                8.04e-07,
                8.61e-07,
                9.07e-07,
                9.93e-07,
                1.23e-06,
                1.58e-06
            ],
            "marker": {
                "color": {
                    "blue": 62,
                    "green": 175,
                    "red": 252
                },
                "line width": 1.5,
                "shape": "Diamond",
                "size": 9
            },
            "name": "30-8-HIP"
        }
    ]
}
