{
    "Crack Growth Tests": [
        {
            "DeltaK": [
                17.760585104064,
                20.4122961488836,
                21.8804317581153,
                23.5924909083056,
                25.0541679712668,
                26.4307856237651,
                27.7528444865328,
                29.1656392910756,
                31.0833306630861,
                33.7392107755214,
                35.4126687184367,
                36.2799388555005,
                37.0382658935164,
                37.9348771387554,
                38.8942403523397,
                39.8834715988425,
                40.8879078793117,
                42.2222173566819,
                43.8188322692006,
                45.5893183032543,
                47.5903032873922,
                49.8188884128056,
                52.3864407279491,
                55.5710330890601,
                59.3091047490134
            ],
            "R": 0.9,
            "dadN": [
                1.77e-07,
                2.23e-07,
                2.43e-07,
                2.59e-07,
                2.44e-07,
                2.61e-07,
                2.91e-07,
                3.29e-07,
                4.13e-07,
                5.13e-07,
                5.21e-07,
                5.54e-07,
                5.8e-07,
                6.04e-07,
                6.11e-07,
                6.5e-07,
                7.39e-07,
                7.79e-07,
                8.29e-07,
                9e-07,
                9.71e-07,
                1.02e-06,
                1.07e-06,
                1.25e-06,
                1.53e-06
            ],
            "marker": {
                "color": {
                    "blue": 0,
                    "green": 0,
                    "red": 0
                },
                "line width": 1.5,
                "shape": "Circle",
                "size": 9
            },
            "name": "45-2"
        },
        {
            "DeltaK": [
                16.3342694406125,
                17.9027579552708,
                18.793655483876,
                19.7526351595247,
                20.7219138330695,
                22.1636334957828,
                23.7806316629034,
                25.6857304265794,
                27.826670318612,
                28.69228249952,
                28.9534894874255,
                29.9264314490575,
                30.3490980748573,
                30.839046702969,
                31.5606094848856,
                32.3488993604453,
                33.198579980104,
                34.0487340080505,
                34.8292033297025,
                35.5564601940149,
                36.3991970331306,
                37.5274476905207,
                39.1920660233244,
                41.2781699611249,
                43.4826596645246,
                45.3543729494456,
                46.8534048066263,
                48.6448914625833,
                51.2768892952227,
                55.3595561768291,
                60.2862489836853
            ],
            "R": 0.9,
            "dadN": [
                1.04e-07,
                1.3e-07,
                1.44e-07,
                1.67e-07,
                2.1e-07,
                2.42e-07,
                2.79e-07,
                3.17e-07,
                3.05e-07,
                2.96e-07,
                3.33e-07,
                3.47e-07,
                3.82e-07,
                4.55e-07,
                5.04e-07,
                5.11e-07,
                5.21e-07,
                5.32e-07,
                5.11e-07,
                5.14e-07,
                6.21e-07,
                7.61e-07,
                8.39e-07,
                8.43e-07,
                8.11e-07,
                7.71e-07,
                7.57e-07,
                8.21e-07,
                1.03e-06,
                1.27e-06,
                1.74e-06
            ],
            "marker": {
                "color": {
                    "blue": 41,
                    "green": 41,
                    "red": 239
                },
                "line width": 1.5,
                "shape": "Disc",
                "size": 9
            },
            "name": "45-3-SR"
        },
        {
            "DeltaK": [
                15.4825506186361,
                16.9059598655637,
                18.7843788686917,
                20.9631086572659,
                22.1050287599303,
                23.2601876575868,
                24.226195010833,
                25.8118609236528,
                27.8739854241028,
                30.423240164995,
                32.1932353197598,
                33.7056906832065,
                35.2192712031668,
                37.1542753649668,
                38.287878866275,
                39.5408740249611,
                40.9781684122777,
                42.5939564387666,
                44.4438666163,
                46.6995434526065,
                49.458458976506,
                52.6170727515881,
                56.7956627975944
            ],
            "R": 0.9,
            "dadN": [
                9.78e-08,
                1.23e-07,
                1.46e-07,
                1.62e-07,
                1.82e-07,
                2.01e-07,
                2.31e-07,
                2.89e-07,
                3.51e-07,
                4.11e-07,
                4.6e-07,
                4.94e-07,
                5.4e-07,
                6.04e-07,
                6.35e-07,
                6.86e-07,
                7.29e-07,
                7.71e-07,
                8.54e-07,
                9.32e-07,
                1.01e-06,
                1.15e-06,
                1.35e-06
            ],
            "marker": {
                "color": {
                    "blue": 62,
                    "green": 175,
                    "red": 252
                },
                "line width": 1.5,
                "shape": "Square",
                "size": 9
            },
            "name": "45-4"
        }
    ]
}
