{
    "Crack Growth Tests": [
        {
            "DeltaK": [
                18.0940129041145,
                19.8911206049757,
                23.4928658177725,
                24.8892452668175,
                26.4184394491846,
                26.5873358838366,
                27.3018773781154,
                28.5710584735015,
                29.0284679868862,
                29.6030195114211,
                30.1773140559054,
                30.7090467562252,
                31.3789795617811,
                31.9735656870552,
                32.6693105740483,
                33.4505234685675,
                34.3597653329624,
                35.3944302573612,
                36.5432615058544,
                37.8226281999072,
                39.3267392294353,
                40.915657588591,
                42.7219162988696,
                44.8822476534229,
                47.4825998758691,
                50.9686074107297,
                55.932082638314
            ],
            "R": 0.9,
            "dadN": [
                1.38e-07,
                1.58e-07,
                2.02e-07,
                2.1e-07,
                2.17e-07,
                2.55e-07,
                2.78e-07,
                3.36e-07,
                3.52e-07,
                3.63e-07,
                3.75e-07,
                3.86e-07,
                4e-07,
                4.14e-07,
                4.57e-07,
                4.96e-07,
                5.36e-07,
                5.68e-07,
                6.32e-07,
                6.64e-07,
                6.82e-07,
                7.29e-07,
                8e-07,
                8.89e-07,
                9.96e-07,
                1.19e-06,
                1.45e-06
            ],
            "marker": {
                "color": {
                    "blue": 0,
                    "green": 0,
                    "red": 0
                },
                "line width": 1.5,
                "shape": "Circle",
                "size": 9
            },
            "name": "60-1-SR"
        },
        {
            "DeltaK": [
                17.0658251104945,
                18.7381051509726,
                19.6090307745172,
                20.4780549396128,
                21.4274100651061,
                22.8813212038204,
                24.6469722057018,
                27.0682333190031,
                27.8859775832046,
                28.6127409935983,
                29.3967192348957,
                30.2943345775269,
                32.5433141082237,
                33.9863256166028,
                34.8522861718912,
                35.8766784452243,
                37.0003746630514,
                38.3165894318514,
                39.6098970931915,
                40.7946102237908,
                43.9499588092487,
                45.9062984342966,
                48.4105273626228,
                51.6068260697939,
                55.4686188628429,
                60.6474846153576
            ],
            "R": 0.9,
            "dadN": [
                1.06e-07,
                1.17e-07,
                1.34e-07,
                1.7e-07,
                1.96e-07,
                2.42e-07,
                2.8e-07,
                2.92e-07,
                2.94e-07,
                3.09e-07,
                3.24e-07,
                3.57e-07,
                4.46e-07,
                5.4e-07,
                5.72e-07,
                6.16e-07,
                6.5e-07,
                6.5e-07,
                6.64e-07,
                6.69e-07,
                7.91e-07,
                8.65e-07,
                9.54e-07,
                1.11e-06,
                1.3e-06,
                1.58e-06
            ],
            "marker": {
                "color": {
                    "blue": 41,
                    "green": 41,
                    "red": 239
                },
                "line width": 1.5,
                "shape": "Disc",
                "size": 9
            },
            "name": "60-2"
        },
        {
            "DeltaK": [
                23.2914187707559,
                24.8650080807587,
                26.8316648469378,
                28.3132177103055,
                30.3356736355864,
                30.7557364885508,
                31.2343183124969,
                31.903373936123,
                32.4257007298408,
                32.8637556406795,
                34.0047965226404,
                34.555286127423,
                35.3135973257296,
                36.4703659496549,
                37.6696504027841,
                38.9500936434569,
                40.358053303696,
                41.4077301145075,
                42.8053711040592,
                44.5719464326417,
                46.6269774442632,
                48.9311089687357,
                50.9738948043768,
                52.7950385007822,
                56.2464982941269
            ],
            "R": 0.9,
            "dadN": [
                2.43e-07,
                2.63e-07,
                2.89e-07,
                3.12e-07,
                3.51e-07,
                3.88e-07,
                4.36e-07,
                4.19e-07,
                4.11e-07,
                4.05e-07,
                4.38e-07,
                5.34e-07,
                6.36e-07,
                7.04e-07,
                7.21e-07,
                7.29e-07,
                7.25e-07,
                7.32e-07,
                7.64e-07,
                8.29e-07,
                8.46e-07,
                8.29e-07,
                8.96e-07,
                1.11e-06,
                1.49e-06
            ],
            "marker": {
                "color": {
                    "blue": 62,
                    "green": 175,
                    "red": 252
                },
                "line width": 1.5,
                "shape": "Square",
                "size": 9
            },
            "name": "60-3"
        }
    ]
}
