{
    "Crack Growth Tests": [
        {
            "DeltaK": [
                26.1123861668035,
                29.1033690342317,
                30.2004960060366,
                31.0416094092106,
                31.3660629078517,
                33.2406450723871,
                34.063086702233,
                35.1005284175522,
                36.5878505982649,
                37.8999041372171,
                39.0437847400927,
                40.3522805688339,
                42.0085658976318,
                44.0024701666698,
                46.3738625329684,
                49.2179637592308,
                51.9851573286078,
                55.4544497433673
            ],
            "R": 0.9,
            "dadN": [
                3.2e-07,
                4.41e-07,
                4.15e-07,
                3.68e-07,
                3.59e-07,
                5.02e-07,
                5.72e-07,
                6.25e-07,
                6.54e-07,
                6.29e-07,
                6.39e-07,
                7e-07,
                7.43e-07,
                8e-07,
                9.07e-07,
                9.68e-07,
                1.13e-06,
                1.54e-06
            ],
            "marker": {
                "color": {
                    "blue": 0,
                    "green": 0,
                    "red": 0
                },
                "line width": 1.5,
                "shape": "Circle",
                "size": 9
            },
            "name": "30-2-SR"
        },
        {
            "DeltaK": [
                22.858543537249,
                21.0704757792014,
                22.1500410834016,
                23.480668719181,
                25.0005553668974,
                26.7701302279283,
                28.8678422461613,
                31.3462109091221,
                32.5150823194073,
                33.0853411219325,
                33.6230527436889,
                34.4058401003158,
                35.4504201440974,
                36.6725906969615,
                37.886060699417,
                39.0566746030996,
                40.306773720389,
                41.8112836682354,
                43.8569592327542,
                46.5766644665348,
                48.7765730319078
            ],
            "R": 0.9,
            "dadN": [
                1.73e-07,
                2e-07,
                2.24e-07,
                2.63e-07,
                3.01e-07,
                3.4e-07,
                3.73e-07,
                4.01e-07,
                3.91e-07,
                4.46e-07,
                5.22e-07,
                5.75e-07,
                6.57e-07,
                6.64e-07,
                6.75e-07,
                6.89e-07,
                7.32e-07,
                8.39e-07,
                9.21e-07,
                1.01e-06,
                1.36e-06
            ],
            "marker": {
                "color": {
                    "blue": 41,
                    "green": 41,
                    "red": 239
                },
                "line width": 1.5,
                "shape": "Disc",
                "size": 9
            },
            "name": "30-3-SR"
        },
        {
            "DeltaK": [
                14.589298620298,
                16.2479501261695,
                18.8127755185495,
                19.7047738030979,
                20.6272920355653,
                21.709059899469,
                23.010156538207,
                24.4744733694302,
                25.8734231316289,
                26.5380168057514,
                27.1635434917242,
                28.0721722362772,
                29.0640287007804,
                30.0865726106972,
                31.0322923929481,
                32.0436889551702,
                32.6273377243557,
                33.3283158419587,
                34.0938846263921,
                36.2339033622433,
                37.4372130182209,
                38.7638739957286,
                40.1379679875757,
                41.3954542763101,
                44.4815853761552,
                46.5816916035929,
                49.2466520199419,
                52.4483976952809,
                56.7460643621082
            ],
            "R": 0.9,
            "dadN": [
                9.46e-08,
                1.14e-07,
                1.31e-07,
                1.45e-07,
                1.73e-07,
                1.92e-07,
                2.15e-07,
                2.37e-07,
                2.47e-07,
                2.75e-07,
                2.99e-07,
                3.16e-07,
                3.32e-07,
                3.31e-07,
                3.42e-07,
                3.82e-07,
                4.11e-07,
                4.65e-07,
                5.15e-07,
                5.99e-07,
                6.03e-07,
                6.1e-07,
                6.35e-07,
                6.16e-07,
                7.24e-07,
                8.36e-07,
                9.44e-07,
                1.13e-06,
                1.43e-06
            ],
            "marker": {
                "color": {
                    "blue": 62,
                    "green": 175,
                    "red": 252
                },
                "line width": 1.5,
                "shape": "Square",
                "size": 9
            },
            "name": "30-4-SR"
        }
    ]
}
