{
    "Crack Growth Tests": [
        {
            "DeltaK": [
                10.2,
                10.82061324,
                11.47898734,
                12.17741985,
                12.91834808,
                13.70435767,
                14.53819158,
                15.42275963,
                16.36114874,
                17.35663359,
                18.41268816,
                19.53299777,
                20.72147199,
                21.98225826,
                23.31975635,
                24.73863375,
                26.24384195,
                27.8406337,
                29.53458134,
                31.33159626,
                33.23794954,
                35.26029381,
                37.40568648,
                39.68161435,
                42.09601977,
                44.65732832,
                47.37447824,
                50.25695162,
                53.31480746,
                56.55871681
            ],
            "R": 0.8,
            "dadN": [
                2.5911e-11,
                4.74176e-10,
                1.60836e-09,
                3.60737e-09,
                6.68176e-09,
                1.10845e-08,
                1.7122e-08,
                2.51677e-08,
                3.56788e-08,
                4.92184e-08,
                6.64836e-08,
                8.83436e-08,
                1.1589e-07,
                1.50505e-07,
                1.93958e-07,
                2.48536e-07,
                3.17236e-07,
                4.04049e-07,
                5.14374e-07,
                6.55681e-07,
                8.38554e-07,
                1.07846e-06,
                1.39881e-06,
                1.83673e-06,
                2.45462e-06,
                3.36561e-06,
                4.79768e-06,
                7.28693e-06,
                1.24565e-05,
                2.85297e-05
            ],
            "marker": {
                "color": {
                    "blue": 255,
                    "green": 0,
                    "red": 0
                },
                "line width": 1.5,
                "shape": "Cross",
                "size": 9
            },
            "name": "Crack Growth 1"
        },
        {
            "DeltaK": [
                10.2,
                10.96785204,
                11.79350768,
                12.68131836,
                13.63596308,
                14.66247309,
                15.76625837,
                16.95313618,
                18.22936169,
                19.60166096,
                21.07726638,
                22.66395481,
                24.37008853,
                26.20465933,
                28.17733591,
                30.29851482,
                32.57937525,
                35.03193796,
                37.66912865,
                40.50484603,
                43.55403511,
                46.83276596,
                50.3583184,
                54.14927305,
                58.2256093,
                62.60881056,
                67.32197751,
                72.38994984,
                77.83943715,
                83.69915975
            ],
            "R": 0.7,
            "dadN": [
                2.4215e-11,
                6.19707e-10,
                2.21842e-09,
                5.11858e-09,
                9.67911e-09,
                1.63401e-08,
                2.56444e-08,
                3.82653e-08,
                5.50404e-08,
                7.70167e-08,
                1.0551e-07,
                1.4218e-07,
                1.89142e-07,
                2.49103e-07,
                3.25565e-07,
                4.23101e-07,
                5.47761e-07,
                7.07664e-07,
                9.13883e-07,
                1.18183e-06,
                1.53349e-06,
                2.00112e-06,
                2.6338e-06,
                3.50961e-06,
                4.76011e-06,
                6.62438e-06,
                9.58495e-06,
                1.47777e-05,
                2.56441e-05,
                5.96268e-05
            ],
            "marker": {
                "color": {
                    "blue": 0,
                    "green": 170,
                    "red": 0
                },
                "line width": 1.5,
                "shape": "Plus",
                "size": 9
            },
            "name": "Crack Growth 2"
        },
        {
            "DeltaK": [
                10.2,
                11.33236465,
                12.59044006,
                13.98818214,
                15.54109616,
                17.26640871,
                19.18325879,
                21.31291018,
                23.67898725,
                26.30773707,
                29.22832056,
                32.47313595,
                36.07817823,
                40.0834384,
                44.53334711,
                49.47726751,
                54.97004288,
                61.07260498,
                67.85264999,
                75.38538944,
                83.75438456,
                93.05247324,
                103.3827999,
                114.8599595,
                127.6112691,
                141.7781799,
                157.5178465,
                175.0048702,
                194.4332357,
                216.0184635
            ],
            "R": 0.2,
            "dadN": [
                2.23806e-11,
                1.09758e-09,
                4.31352e-09,
                1.05135e-08,
                2.07778e-08,
                3.65065e-08,
                5.95189e-08,
                9.21835e-08,
                1.37587e-07,
                1.99764e-07,
                2.83999e-07,
                3.97241e-07,
                5.48672e-07,
                7.50492e-07,
                1.01902e-06,
                1.37629e-06,
                1.85231e-06,
                2.48849e-06,
                3.34279e-06,
                4.4978e-06,
                6.07375e-06,
                8.25042e-06,
                1.13057e-05,
                1.56878e-05,
                2.21602e-05,
                3.21226e-05,
                4.8418e-05,
                7.77696e-05,
                0.000140605,
                0.000340626
            ],
            "marker": {
                "color": {
                    "blue": 0,
                    "green": 0,
                    "red": 255
                },
                "line width": 1.5,
                "shape": "Diamond",
                "size": 9
            },
            "name": "Crack Growth 6"
        }
    ]
}
